First_name,Last_Name,Email
John,Doe,john-doe@bogusemail.com
Mary,Smith-Robinson,maryjacobs@bogusemail.com
Dave,Smith,davesmith@bogusemail.com
Jane,Stuart,janestuart@bogusemail.com
Tom,Wright,tomwright@bogusemail.com
Steve,Robinson,steverobinson@bogusemail.com
Nicole,Jacobs,nicolejacobs@bogusemail.com
Jane,Wright,janewright@bogusemail.com
Jane,Doe,janedoe@bogusemail.com
Kurt,Wright,kurtwright@bogusemail.com
Kurt,Robinson,kurtrobinson@bogusemail.com
Jane,Jenkins,janejenkins@bogusemail.com
Neil,Robinson,neilrobinson@bogusemail.com